{"lints":[{"severity":1,"value":"app\\scripts\\app.js::38: refrain from simply logging errors."},{"severity":1,"value":"app\\scripts\\modal.js::14: 'ticketData' declared and assigned in different scopes. Possible asynchronous race condition."},{"severity":1,"value":"app\\scripts\\modal.js::26: 'matchFlag' declared and assigned in different scopes. Possible asynchronous race condition."},{"severity":1,"value":"app\\scripts\\modal.js::45: Function has a complexity of 19."},{"severity":1,"value":"app\\scripts\\modal.js::50: 'paramUrl' declared and assigned in different scopes. Possible asynchronous race condition."},{"severity":1,"value":"app\\scripts\\modal.js::52: 'paramUrl' declared and assigned in different scopes. Possible asynchronous race condition."},{"severity":1,"value":"app\\scripts\\modal.js::55: 'paramUrl' declared and assigned in different scopes. Possible asynchronous race condition."},{"severity":1,"value":"app\\scripts\\modal.js::58: 'paramUrl' declared and assigned in different scopes. Possible asynchronous race condition."},{"severity":1,"value":"app\\scripts\\modal.js::61: 'paramUrl' declared and assigned in different scopes. Possible asynchronous race condition."},{"severity":1,"value":"app\\scripts\\modal.js::64: 'paramUrl' declared and assigned in different scopes. Possible asynchronous race condition."},{"severity":1,"value":"app\\scripts\\modal.js::67: 'paramUrl' declared and assigned in different scopes. Possible asynchronous race condition."},{"severity":1,"value":"app\\scripts\\modal.js::71: 'paramUrl' declared and assigned in different scopes. Possible asynchronous race condition."},{"severity":1,"value":"app\\scripts\\modal.js::75: 'paramUrl' declared and assigned in different scopes. Possible asynchronous race condition."},{"severity":1,"value":"app\\scripts\\modal.js::81: 'paramUrl' declared and assigned in different scopes. Possible asynchronous race condition."},{"severity":1,"value":"app\\scripts\\modal.js::83: 'paramUrl' declared and assigned in different scopes. Possible asynchronous race condition."},{"severity":1,"value":"app\\scripts\\modal.js::86: 'paramUrl' declared and assigned in different scopes. Possible asynchronous race condition."},{"severity":1,"value":"app\\scripts\\modal.js::88: 'paramUrl' declared and assigned in different scopes. Possible asynchronous race condition."},{"severity":1,"value":"app\\scripts\\modal.js::91: 'paramUrl' declared and assigned in different scopes. Possible asynchronous race condition."},{"severity":1,"value":"app\\scripts\\modal.js::94: 'paramUrl' declared and assigned in different scopes. Possible asynchronous race condition."},{"severity":1,"value":"app\\scripts\\modal.js::97: 'paramUrl' declared and assigned in different scopes. Possible asynchronous race condition."},{"severity":1,"value":"app\\scripts\\modal.js::100: 'paramUrl' declared and assigned in different scopes. Possible asynchronous race condition."},{"severity":1,"value":"app\\scripts\\modal.js::104: 'paramUrl' declared and assigned in different scopes. Possible asynchronous race condition."},{"severity":1,"value":"app\\scripts\\modal.js::113: 'formUrl' declared and assigned in different scopes. Possible asynchronous race condition."},{"severity":1,"value":"app\\scripts\\modal.js::114: 'html' declared and assigned in different scopes. Possible asynchronous race condition."}]}